data_inicio_semana,ano,semana_epidemiologica,casos_notificados,temperatura_media,umidade_media,taxa_reproducao_rt,nivel_alerta,nivel_alerta_desc
2023-12-31,2024,1,94,26.6329428571429,69.8833142857143,1.6670237,1,Verde (Baixo)
2024-01-07,2024,2,104,27.2258,70.4629142857143,1.6589345,4,Vermelho (Crítico)
2024-01-14,2024,3,166,26.8505285714286,74.9881285714286,1.9458569,4,Vermelho (Crítico)
2024-01-21,2024,4,167,24.6206285714286,71.1908428571429,1.4397371,4,Vermelho (Crítico)
2024-01-28,2024,5,230,26.2442714285714,62.8345428571429,1.5385687,4,Vermelho (Crítico)
2024-02-04,2024,6,288,26.1152428571429,71.8123857142857,1.5649567,4,Vermelho (Crítico)
2024-02-11,2024,7,391,25.9957285714286,72.3263714285714,1.6824446,4,Vermelho (Crítico)
2024-02-18,2024,8,302,25.3319142857143,79.7280571428571,1.0369786,4,Vermelho (Crítico)
2024-02-25,2024,9,308,28.4251285714286,63.7541,0.93742734,4,Vermelho (Crítico)
2024-03-03,2024,10,367,27.7153428571429,66.4038571428571,1.1256837,4,Vermelho (Crítico)
2024-03-10,2024,11,504,28.1660571428571,69.3675571428571,1.5072584,4,Vermelho (Crítico)
2024-03-17,2024,12,506,27.0424,73.2778714285714,1.3031548,4,Vermelho (Crítico)
2024-03-24,2024,13,408,23.0655285714286,84.1920857142857,0.90194434,4,Vermelho (Crítico)
2024-03-31,2024,14,462,25.9752857142857,72.1892,0.98569125,4,Vermelho (Crítico)
2024-04-07,2024,15,479,25.2387,71.5326285714286,1.0603505,4,Vermelho (Crítico)
2024-04-14,2024,16,494,25.4325285714286,67.7403,1.085205,4,Vermelho (Crítico)
2024-04-21,2024,17,463,26.3095285714286,51.0729714285714,0.9814437,4,Vermelho (Crítico)
2024-04-28,2024,18,528,27.4092428571429,48.3816857142857,1.0992177,4,Vermelho (Crítico)
2024-05-05,2024,19,516,26.4260428571429,47.1219714285714,1.0577494,4,Vermelho (Crítico)
2024-05-12,2024,20,409,25.3623571428571,50.4821428571429,0.82051075,4,Vermelho (Crítico)
2024-05-19,2024,21,397,24.8878571428571,53.3099714285714,0.8249057,4,Vermelho (Crítico)
2024-05-26,2024,22,261,19.3635,65.3179285714286,0.6086693,4,Vermelho (Crítico)
2024-06-02,2024,23,232,22.9260285714286,49.2114571428571,0.638611,4,Vermelho (Crítico)
2024-06-09,2024,24,165,23.2867,45.7032428571429,0.56960875,4,Vermelho (Crítico)
2024-06-16,2024,25,129,22.8303,41.1823714285714,0.57100904,4,Vermelho (Crítico)
2024-06-23,2024,26,97,24.2563,45.6665142857143,0.5564459,4,Vermelho (Crítico)
2024-06-30,2024,27,58,22.3023,50.7988285714286,0.44030216,1,Verde (Baixo)
2024-07-07,2024,28,57,23.2781571428571,53.5147,0.5876553,1,Verde (Baixo)
2024-07-14,2024,29,63,22.4928142857143,42.3200857142857,0.88073575,1,Verde (Baixo)
2024-07-21,2024,30,42,22.5935428571429,36.1471714285714,0.69863707,1,Verde (Baixo)
2024-07-28,2024,31,19,24.0278142857143,42.8300714285714,0.35386252,1,Verde (Baixo)
2024-08-04,2024,32,22,23.4785285714286,44.3362285714286,0.5348545,1,Verde (Baixo)
2024-08-11,2024,33,24,21.0991142857143,39.7151714285714,0.8564159,1,Verde (Baixo)
2024-08-18,2024,34,22,27.1988428571429,27.9243142857143,0.95970064,1,Verde (Baixo)
2024-08-25,2024,35,29,22.2584571428571,43.1922714285714,1.260456,1,Verde (Baixo)
2024-09-01,2024,36,31,27.757,28.4272428571429,1.2625943,1,Verde (Baixo)
2024-09-08,2024,37,34,28.6880285714286,27.2194571428571,1.2307533,1,Verde (Baixo)
2024-09-15,2024,38,31,27.6146,42.5846,1.0136607,1,Verde (Baixo)
2024-09-22,2024,39,37,30.1160285714286,35.1677142857143,1.1479856,1,Verde (Baixo)
2024-09-29,2024,40,50,29.5807,37.0388428571429,1.4683467,1,Verde (Baixo)
2024-10-06,2024,41,22,28.8044,47.3343285714286,0.5862713,1,Verde (Baixo)
2024-10-13,2024,42,23,27.9959428571429,53.5440857142857,0.6167249,1,Verde (Baixo)
2024-10-20,2024,43,19,25.3613285714286,78.7654428571429,0.6417603,1,Verde (Baixo)
2024-10-27,2024,44,26,25.3013428571429,73.1504714285714,1.1126344,1,Verde (Baixo)
2024-11-03,2024,45,36,23.4836285714286,86.8295142857143,1.5793259,2,Amarelo (Atenção)
2024-11-10,2024,46,38,24.9714142857143,69.4577857142857,1.4033229,1,Verde (Baixo)
2024-11-17,2024,47,29,25.2027,76.7501,0.8910858,1,Verde (Baixo)
2024-11-24,2024,48,32,25.4544285714286,69.6348142857143,0.9382322,1,Verde (Baixo)
2024-12-01,2024,49,29,25.346,79.7343142857143,0.902457,2,Amarelo (Atenção)
2024-12-08,2024,50,48,25.4443857142857,77.2754857142857,1.5186638,2,Amarelo (Atenção)
2024-12-15,2024,51,37,25.0191857142857,75.3912285714286,1.0674005,2,Amarelo (Atenção)
2024-12-22,2024,52,44,24.3259,83.7455571428571,1.117992,2,Amarelo (Atenção)
2024-12-29,2025,1,70,24.5919285714286,83.0007142857143,1.6465539,2,Amarelo (Atenção)
2025-01-05,2025,2,90,25.5907857142857,75.2117857142857,1.76374,4,Vermelho (Crítico)
2025-01-12,2025,3,76,25.1482,74.3006428571429,1.1399828,2,Amarelo (Atenção)
2025-01-19,2025,4,112,27.0247428571429,70.0387285714286,1.4030592,2,Amarelo (Atenção)
2025-01-26,2025,5,134,25.0646714285714,80.0374857142857,1.4821061,2,Amarelo (Atenção)
2025-02-02,2025,6,112,24.4712428571429,80.7481285714286,1.0494975,2,Amarelo (Atenção)
2025-02-09,2025,7,177,25.5478,73.6262285714286,1.4540648,2,Amarelo (Atenção)
2025-02-16,2025,8,142,27.6302571428571,66.8330142857143,1.0597243,4,Vermelho (Crítico)
2025-02-23,2025,9,156,27.6274714285714,59.1556714285714,1.052366,4,Vermelho (Crítico)
2025-03-02,2025,10,159,27.9854142857143,46.7893,1.0428516,4,Vermelho (Crítico)
2025-03-09,2025,11,156,28.2386,56.5400857142857,1.0158787,4,Vermelho (Crítico)
2025-03-16,2025,12,176,25.7475857142857,71.7273857142857,1.1217662,4,Vermelho (Crítico)
2025-03-23,2025,13,132,26.2178285714286,69.8579,0.8275978,4,Vermelho (Crítico)
2025-03-30,2025,14,142,26.2722571428571,68.1124714285714,0.9052466,4,Vermelho (Crítico)
2025-04-06,2025,15,165,25.2331571428571,60.3395285714286,1.1174022,4,Vermelho (Crítico)
2025-04-13,2025,16,100,24.4256857142857,74.0480714285714,0.69382054,1,Verde (Baixo)
2025-04-20,2025,17,118,23.4301,77.1407571428571,0.85087204,1,Verde (Baixo)
2025-04-27,2025,18,132,22.6391,74.6503714285714,1.0664576,4,Vermelho (Crítico)
2025-05-04,2025,19,130,23.1015142857143,62.9423857142857,1.0852598,4,Vermelho (Crítico)
2025-05-11,2025,20,162,22.5282857142857,64.3312857142857,1.2699387,4,Vermelho (Crítico)
2025-05-18,2025,21,158,21.9485714285714,56.3187428571429,1.1418753,4,Vermelho (Crítico)
2025-05-25,2025,22,127,19.7465142857143,60.1074714285714,0.8532855,4,Vermelho (Crítico)
2025-06-01,2025,23,110,21.6027,66.7460428571429,0.75074464,1,Verde (Baixo)
2025-06-08,2025,24,99,19.1157714285714,66.1074428571429,0.76037186,1,Verde (Baixo)
2025-06-15,2025,25,55,21.1133285714286,55.2241571428571,0.496369,1,Verde (Baixo)
2025-06-22,2025,26,57,19.6838714285714,62.2579428571429,0.63279265,1,Verde (Baixo)
2025-06-29,2025,27,54,19.9128428571429,64.6688714285714,0.7811595,1,Verde (Baixo)
2025-07-06,2025,28,36,19.8967857142857,49.9188142857143,0.6325996,1,Verde (Baixo)
2025-07-13,2025,29,40,20.6729285714286,47.3254428571429,0.8059809,1,Verde (Baixo)
2025-07-20,2025,30,26,22.0809857142857,45.8004142857143,0.621332,1,Verde (Baixo)
2025-07-27,2025,31,27,20.4139428571429,46.1303428571429,0.75857043,1,Verde (Baixo)
2025-08-03,2025,32,21,20.7956428571429,48.9646857142857,0.7021285,1,Verde (Baixo)
2025-08-10,2025,33,23,19.1829285714286,39.8670857142857,0.8945116,1,Verde (Baixo)
2025-08-17,2025,34,13,25.7504714285714,34.9486714285714,0.57107353,1,Verde (Baixo)
2025-08-24,2025,35,22,24.7810285714286,45.5559714285714,1.0907899,1,Verde (Baixo)
2025-08-31,2025,36,42,25.0891428571429,39.8445571428571,2.142905,1,Verde (Baixo)
2025-09-07,2025,37,46,26.6819285714286,33.0804285714286,1.7755669,1,Verde (Baixo)
2025-09-14,2025,38,39,27.0685,39.6238285714286,1.0796775,1,Verde (Baixo)
2025-09-21,2025,39,32,24.8439571428571,53.8095428571429,0.7818759,1,Verde (Baixo)
2025-09-28,2025,40,34,28.5771,31.7629857142857,0.88002986,1,Verde (Baixo)
2025-10-05,2025,41,40,27.1716571428571,49.1788142857143,1.1343547,1,Verde (Baixo)
2025-10-12,2025,42,36,25.9661142857143,65.3287714285714,1.0214281,1,Verde (Baixo)
2025-10-19,2025,43,43,22.5419571428571,46.1821857142857,1.1582795,1,Verde (Baixo)
2025-10-26,2025,44,27,25.1080428571429,64.9186857142857,0.7126634,1,Verde (Baixo)
2025-11-02,2025,45,30,25.1109714285714,73.3980571428571,0.82569414,1,Verde (Baixo)
2025-11-09,2025,46,36,26.3960142857143,52.4107714285714,1.1075381,1,Verde (Baixo)
2025-11-16,2025,47,33,25.9728857142857,56.0348142857143,1.0482618,1,Verde (Baixo)
2025-11-23,2025,48,18,25.1383428571429,54.1418428571429,0.5584665,1,Verde (Baixo)
2025-11-30,2025,49,29,27.6995428571429,56.8842857142857,0.9816383,1,Verde (Baixo)
2025-12-07,2025,50,26,25.3152,75.3343,1.0129652,1,Verde (Baixo)
2025-12-14,2025,51,27,24.0627,81.6696285714286,1.0539013,2,Amarelo (Atenção)
2025-12-21,2025,52,19,27.2261571428571,63.8143142857143,0.72876126,2,Amarelo (Atenção)
2025-12-28,2025,53,25,27.0589857142857,73.8406,1.0137924,2,Amarelo (Atenção)
2026-01-04,2026,1,22,25.9534285714286,68.2555857142857,0.96133137,2,Amarelo (Atenção)
2026-01-11,2026,2,25,25.8054571428571,72.0716714285714,1.0954812,2,Amarelo (Atenção)
2026-01-18,2026,3,17,24.1390428571429,70.4382714285714,0.74099505,1,Verde (Baixo)
2026-01-25,2026,4,20,25.1707857142857,76.6524285714286,0.9120815,1,Verde (Baixo)
2026-02-01,2026,5,28,24.0762857142857,84.8747571428571,1.3669453,1,Verde (Baixo)
2026-02-08,2026,6,23,23.7162571428571,84.8421142857143,1.0667919,2,Amarelo (Atenção)
2026-02-15,2026,7,23,26.3344571428571,71.6914142857143,0.96441954,2,Amarelo (Atenção)
2026-02-22,2026,8,29,24.2664142857143,81.6840571428571,1.1963471,2,Amarelo (Atenção)
2026-03-01,2026,9,27,24.5008,65.2137285714286,1.0878936,1,Verde (Baixo)
2026-03-08,2026,10,40,23.5662857142857,85.3924142857143,1.4707998,1,Verde (Baixo)
2026-03-15,2026,11,42,24.5099857142857,81.0928285714286,1.3512408,1,Verde (Baixo)
2026-03-22,2026,12,41,24.7754,74.5393857142857,1.1221167,1,Verde (Baixo)
2026-03-29,2026,13,46,24.6782714285714,72.7059857142857,1.1378201,1,Verde (Baixo)
2026-04-05,2026,14,35,24.5179285714286,79.6676714285714,0.836861,1,Verde (Baixo)
2026-04-12,2026,15,35,24.3810571428571,62.1311571428571,0.8520095,1,Verde (Baixo)
2026-04-19,2026,16,28,24.9933714285714,58.9536285714286,0.7470747,1,Verde (Baixo)
2026-04-26,2026,17,18,25.9645142857143,59.4157142857143,0.54794616,1,Verde (Baixo)
2026-05-03,2026,18,33,25.2499857142857,54.2600714285714,1.1838297,1,Verde (Baixo)
2026-05-10,2026,19,20,20.2015,60.4809285714286,0.79770225,1,Verde (Baixo)
2026-05-17,2026,20,26,21.4763857142857,79.9783714285714,1.0221989,1,Verde (Baixo)
2026-05-24,2026,21,18,22.6622,69.0935428571429,0.7398997,1,Verde (Baixo)
2026-05-31,2026,22,17,20.2377,60.4171428571429,0.7606091,1,Verde (Baixo)
2026-06-07,2026,23,17,19.6986285714286,64.7497428571429,0.8615416,1,Verde (Baixo)
2026-06-14,2026,24,8,19.2942571428571,77.5719428571429,0.46566406,1,Verde (Baixo)
2026-06-21,2026,25,8,18.2703714285714,82.7138428571429,0.55737454,1,Verde (Baixo)
2026-06-28,2026,26,17,20.4631571428571,70.7409857142857,1.5233272,1,Verde (Baixo)
2026-07-05,2026,27,16,19.3730714285714,67.4968714285714,1.4414028,1,Verde (Baixo)
2026-07-12,2026,28,19,19.4995571428571,57.7006,1.3451598,1,Verde (Baixo)
2026-07-19,2026,29,8,21.1980571428571,57.9454428571429,0.5001365,1,Verde (Baixo)
2026-07-26,2026,30,6,22.6745428571429,57.0279714285714,0.40912223,1,Verde (Baixo)
2026-08-02,2026,31,9,23.5781142857143,49.1211142857143,0.8437233,1,Verde (Baixo)
2026-08-09,2026,32,11,25.5267285714286,49.1876571428571,1.3414501,1,Verde (Baixo)
2026-08-16,2026,33,15,25.2152,43.4598857142857,1.6607348,1,Verde (Baixo)
2026-08-23,2026,34,8,23.8667714285714,50.9586,0.7279638,1,Verde (Baixo)
2026-08-30,2026,35,13,25.4222428571429,55.1212142857143,1.1019686,1,Verde (Baixo)
2026-09-06,2026,36,5,22.3982,79.2599142857143,0.45992762,1,Verde (Baixo)
2026-09-13,2026,37,6,23.1686142857143,66.6077857142857,0.63054067,1,Verde (Baixo)
2026-09-20,2026,38,3,26.5717,53.9548,0.9370838,1,Verde (Baixo)
